-- Press! Bandon Dunes Resort Course Seed Data
-- All 8 courses with accurate tee set and hole data from official scorecards
--
-- Courses:
--   1. Bandon Dunes (18 holes, Par 72)
--   2. Pacific Dunes (18 holes, Par 71)
--   3. Bandon Trails (18 holes, Par 71)
--   4. Old Macdonald (18 holes, Par 71)
--   5. Sheep Ranch (18 holes, Par 72)
--   6. Bandon Preserve (13 holes, Par 39)
--   7. Shorty's (19 holes, Par 57)
--   8. The Punchbowl (18 holes, putting course)

-- ============================================
-- BANDON DUNES
-- ============================================

INSERT INTO courses (id, name, city, state, country, source, verified)
VALUES (
  '11111111-1111-1111-1111-111111111101',
  'Bandon Dunes',
  'Bandon',
  'OR',
  'US',
  'verified',
  true
);

-- Bandon Dunes Tee Sets
INSERT INTO tee_sets (id, course_id, name, color, rating, slope, par, yardage) VALUES
  ('22222222-1111-1111-1111-111111111101', '11111111-1111-1111-1111-111111111101', 'Black', 'Black', 73.5, 145, 72, 6732),
  ('22222222-1111-1111-1111-111111111102', '11111111-1111-1111-1111-111111111101', 'Green', 'Green', 71.1, 138, 72, 6221),
  ('22222222-1111-1111-1111-111111111103', '11111111-1111-1111-1111-111111111101', 'Gold', 'Gold', 68.6, 132, 72, 5716),
  ('22222222-1111-1111-1111-111111111104', '11111111-1111-1111-1111-111111111101', 'Royal Blue', 'Blue', 65.5, 121, 72, 5044),
  ('22222222-1111-1111-1111-111111111105', '11111111-1111-1111-1111-111111111101', 'Orange', 'Orange', 68.5, 124, 72, 5040);

-- Bandon Dunes Holes (Black Tees)
INSERT INTO holes (tee_set_id, hole_number, par, handicap, yards) VALUES
  ('22222222-1111-1111-1111-111111111101', 1, 4, 13, 386),
  ('22222222-1111-1111-1111-111111111101', 2, 4, 15, 189),
  ('22222222-1111-1111-1111-111111111101', 3, 5, 3, 543),
  ('22222222-1111-1111-1111-111111111101', 4, 4, 5, 410),
  ('22222222-1111-1111-1111-111111111101', 5, 4, 17, 428),
  ('22222222-1111-1111-1111-111111111101', 6, 3, 11, 161),
  ('22222222-1111-1111-1111-111111111101', 7, 4, 7, 383),
  ('22222222-1111-1111-1111-111111111101', 8, 4, 1, 359),
  ('22222222-1111-1111-1111-111111111101', 9, 5, 9, 558),
  ('22222222-1111-1111-1111-111111111101', 10, 4, 4, 362),
  ('22222222-1111-1111-1111-111111111101', 11, 3, 2, 384),
  ('22222222-1111-1111-1111-111111111101', 12, 5, 18, 199),
  ('22222222-1111-1111-1111-111111111101', 13, 4, 16, 553),
  ('22222222-1111-1111-1111-111111111101', 14, 3, 14, 359),
  ('22222222-1111-1111-1111-111111111101', 15, 4, 10, 163),
  ('22222222-1111-1111-1111-111111111101', 16, 4, 12, 363),
  ('22222222-1111-1111-1111-111111111101', 17, 4, 6, 389),
  ('22222222-1111-1111-1111-111111111101', 18, 5, 8, 543);

-- Bandon Dunes Holes (Green Tees)
INSERT INTO holes (tee_set_id, hole_number, par, handicap, yards) VALUES
  ('22222222-1111-1111-1111-111111111102', 1, 4, 13, 352),
  ('22222222-1111-1111-1111-111111111102', 2, 4, 15, 155),
  ('22222222-1111-1111-1111-111111111102', 3, 5, 3, 489),
  ('22222222-1111-1111-1111-111111111102', 4, 4, 5, 362),
  ('22222222-1111-1111-1111-111111111102', 5, 4, 17, 400),
  ('22222222-1111-1111-1111-111111111102', 6, 3, 11, 153),
  ('22222222-1111-1111-1111-111111111102', 7, 4, 7, 372),
  ('22222222-1111-1111-1111-111111111102', 8, 4, 1, 342),
  ('22222222-1111-1111-1111-111111111102', 9, 5, 9, 520),
  ('22222222-1111-1111-1111-111111111102', 10, 4, 4, 339),
  ('22222222-1111-1111-1111-111111111102', 11, 3, 2, 351),
  ('22222222-1111-1111-1111-111111111102', 12, 5, 18, 153),
  ('22222222-1111-1111-1111-111111111102', 13, 4, 16, 537),
  ('22222222-1111-1111-1111-111111111102', 14, 3, 14, 332),
  ('22222222-1111-1111-1111-111111111102', 15, 4, 10, 131),
  ('22222222-1111-1111-1111-111111111102', 16, 4, 12, 345),
  ('22222222-1111-1111-1111-111111111102', 17, 4, 6, 375),
  ('22222222-1111-1111-1111-111111111102', 18, 5, 8, 513);

-- ============================================
-- PACIFIC DUNES
-- ============================================

INSERT INTO courses (id, name, city, state, country, source, verified)
VALUES (
  '11111111-1111-1111-1111-111111111102',
  'Pacific Dunes',
  'Bandon',
  'OR',
  'US',
  'verified',
  true
);

-- Pacific Dunes Tee Sets
INSERT INTO tee_sets (id, course_id, name, color, rating, slope, par, yardage) VALUES
  ('22222222-2222-1111-1111-111111111101', '11111111-1111-1111-1111-111111111102', 'Black', 'Black', 73.2, 146, 71, 6633),
  ('22222222-2222-1111-1111-111111111102', '11111111-1111-1111-1111-111111111102', 'Green', 'Green', 70.6, 139, 71, 6142),
  ('22222222-2222-1111-1111-111111111103', '11111111-1111-1111-1111-111111111102', 'Gold', 'Gold', 68.5, 133, 71, 5804),
  ('22222222-2222-1111-1111-111111111104', '11111111-1111-1111-1111-111111111102', 'Royal Blue', 'Blue', 65.0, 118, 71, 3920),
  ('22222222-2222-1111-1111-111111111105', '11111111-1111-1111-1111-111111111102', 'Orange', 'Orange', 69.4, 126, 71, 5088);

-- Pacific Dunes Holes (Black Tees)
INSERT INTO holes (tee_set_id, hole_number, par, handicap, yards) VALUES
  ('22222222-2222-1111-1111-111111111101', 1, 4, 9, 370),
  ('22222222-2222-1111-1111-111111111101', 2, 4, 11, 368),
  ('22222222-2222-1111-1111-111111111101', 3, 5, 7, 499),
  ('22222222-2222-1111-1111-111111111101', 4, 3, 3, 463),
  ('22222222-2222-1111-1111-111111111101', 5, 4, 17, 199),
  ('22222222-2222-1111-1111-111111111101', 6, 3, 13, 316),
  ('22222222-2222-1111-1111-111111111101', 7, 4, 1, 464),
  ('22222222-2222-1111-1111-111111111101', 8, 4, 5, 400),
  ('22222222-2222-1111-1111-111111111101', 9, 4, 15, 406),
  ('22222222-2222-1111-1111-111111111101', 10, 3, 14, 206),
  ('22222222-2222-1111-1111-111111111101', 11, 5, 18, 148),
  ('22222222-2222-1111-1111-111111111101', 12, 4, 6, 529),
  ('22222222-2222-1111-1111-111111111101', 13, 5, 2, 444),
  ('22222222-2222-1111-1111-111111111101', 14, 4, 10, 145),
  ('22222222-2222-1111-1111-111111111101', 15, 3, 8, 539),
  ('22222222-2222-1111-1111-111111111101', 16, 4, 16, 338),
  ('22222222-2222-1111-1111-111111111101', 17, 3, 4, 208),
  ('22222222-2222-1111-1111-111111111101', 18, 5, 12, 591);

-- Pacific Dunes Holes (Green Tees)
INSERT INTO holes (tee_set_id, hole_number, par, handicap, yards) VALUES
  ('22222222-2222-1111-1111-111111111102', 1, 4, 9, 304),
  ('22222222-2222-1111-1111-111111111102', 2, 4, 11, 335),
  ('22222222-2222-1111-1111-111111111102', 3, 5, 7, 476),
  ('22222222-2222-1111-1111-111111111102', 4, 3, 3, 449),
  ('22222222-2222-1111-1111-111111111102', 5, 4, 17, 181),
  ('22222222-2222-1111-1111-111111111102', 6, 3, 13, 288),
  ('22222222-2222-1111-1111-111111111102', 7, 4, 1, 436),
  ('22222222-2222-1111-1111-111111111102', 8, 4, 5, 369),
  ('22222222-2222-1111-1111-111111111102', 9, 4, 15, 379),
  ('22222222-2222-1111-1111-111111111102', 10, 3, 14, 163),
  ('22222222-2222-1111-1111-111111111102', 11, 5, 18, 131),
  ('22222222-2222-1111-1111-111111111102', 12, 4, 6, 507),
  ('22222222-2222-1111-1111-111111111102', 13, 5, 2, 390),
  ('22222222-2222-1111-1111-111111111102', 14, 4, 10, 128),
  ('22222222-2222-1111-1111-111111111102', 15, 3, 8, 504),
  ('22222222-2222-1111-1111-111111111102', 16, 4, 16, 338),
  ('22222222-2222-1111-1111-111111111102', 17, 3, 4, 189),
  ('22222222-2222-1111-1111-111111111102', 18, 5, 12, 575);

-- ============================================
-- BANDON TRAILS
-- ============================================

INSERT INTO courses (id, name, city, state, country, source, verified)
VALUES (
  '11111111-1111-1111-1111-111111111103',
  'Bandon Trails',
  'Bandon',
  'OR',
  'US',
  'verified',
  true
);

-- Bandon Trails Tee Sets
INSERT INTO tee_sets (id, course_id, name, color, rating, slope, par, yardage) VALUES
  ('22222222-3333-1111-1111-111111111101', '11111111-1111-1111-1111-111111111103', 'Black', 'Black', 74.9, 134, 71, 6788),
  ('22222222-3333-1111-1111-111111111102', '11111111-1111-1111-1111-111111111103', 'Green', 'Green', 72.1, 131, 71, 6249),
  ('22222222-3333-1111-1111-111111111103', '11111111-1111-1111-1111-111111111103', 'Gold', 'Gold', 68.7, 124, 71, 5751),
  ('22222222-3333-1111-1111-111111111104', '11111111-1111-1111-1111-111111111103', 'Royal Blue', 'Blue', 68.2, 111, 71, 3937),
  ('22222222-3333-1111-1111-111111111105', '11111111-1111-1111-1111-111111111103', 'Orange', 'Orange', 68.4, 125, 71, 5097);

-- Bandon Trails Holes (Black Tees)
INSERT INTO holes (tee_set_id, hole_number, par, handicap, yards) VALUES
  ('22222222-3333-1111-1111-111111111101', 1, 4, 13, 392),
  ('22222222-3333-1111-1111-111111111101', 2, 3, 17, 214),
  ('22222222-3333-1111-1111-111111111101', 3, 5, 3, 549),
  ('22222222-3333-1111-1111-111111111101', 4, 4, 5, 408),
  ('22222222-3333-1111-1111-111111111101', 5, 4, 15, 133),
  ('22222222-3333-1111-1111-111111111101', 6, 3, 9, 395),
  ('22222222-3333-1111-1111-111111111101', 7, 4, 7, 440),
  ('22222222-3333-1111-1111-111111111101', 8, 4, 11, 321),
  ('22222222-3333-1111-1111-111111111101', 9, 5, 1, 567),
  ('22222222-3333-1111-1111-111111111101', 10, 4, 10, 418),
  ('22222222-3333-1111-1111-111111111101', 11, 4, 4, 445),
  ('22222222-3333-1111-1111-111111111101', 12, 5, 18, 242),
  ('22222222-3333-1111-1111-111111111101', 13, 4, 2, 401),
  ('22222222-3333-1111-1111-111111111101', 14, 3, 12, 325),
  ('22222222-3333-1111-1111-111111111101', 15, 4, 14, 406),
  ('22222222-3333-1111-1111-111111111101', 16, 4, 16, 530),
  ('22222222-3333-1111-1111-111111111101', 17, 4, 6, 182),
  ('22222222-3333-1111-1111-111111111101', 18, 5, 8, 420);

-- Bandon Trails Holes (Green Tees)
INSERT INTO holes (tee_set_id, hole_number, par, handicap, yards) VALUES
  ('22222222-3333-1111-1111-111111111102', 1, 4, 13, 356),
  ('22222222-3333-1111-1111-111111111102', 2, 3, 17, 166),
  ('22222222-3333-1111-1111-111111111102', 3, 5, 3, 532),
  ('22222222-3333-1111-1111-111111111102', 4, 4, 5, 365),
  ('22222222-3333-1111-1111-111111111102', 5, 4, 15, 124),
  ('22222222-3333-1111-1111-111111111102', 6, 3, 9, 359),
  ('22222222-3333-1111-1111-111111111102', 7, 4, 7, 406),
  ('22222222-3333-1111-1111-111111111102', 8, 4, 11, 299),
  ('22222222-3333-1111-1111-111111111102', 9, 5, 1, 522),
  ('22222222-3333-1111-1111-111111111102', 10, 4, 10, 393),
  ('22222222-3333-1111-1111-111111111102', 11, 4, 4, 429),
  ('22222222-3333-1111-1111-111111111102', 12, 5, 18, 235),
  ('22222222-3333-1111-1111-111111111102', 13, 4, 2, 374),
  ('22222222-3333-1111-1111-111111111102', 14, 3, 12, 306),
  ('22222222-3333-1111-1111-111111111102', 15, 4, 14, 367),
  ('22222222-3333-1111-1111-111111111102', 16, 4, 16, 494),
  ('22222222-3333-1111-1111-111111111102', 17, 4, 6, 159),
  ('22222222-3333-1111-1111-111111111102', 18, 5, 8, 363);

-- ============================================
-- OLD MACDONALD
-- ============================================

INSERT INTO courses (id, name, city, state, country, source, verified)
VALUES (
  '11111111-1111-1111-1111-111111111104',
  'Old Macdonald',
  'Bandon',
  'OR',
  'US',
  'verified',
  true
);

-- Old Macdonald Tee Sets
INSERT INTO tee_sets (id, course_id, name, color, rating, slope, par, yardage) VALUES
  ('22222222-4444-1111-1111-111111111101', '11111111-1111-1111-1111-111111111104', 'Black', 'Black', 74.4, 134, 71, 6944),
  ('22222222-4444-1111-1111-111111111102', '11111111-1111-1111-1111-111111111104', 'Green', 'Green', 71.7, 127, 71, 6320),
  ('22222222-4444-1111-1111-111111111103', '11111111-1111-1111-1111-111111111104', 'Gold', 'Gold', 69.2, 122, 71, 5528),
  ('22222222-4444-1111-1111-111111111104', '11111111-1111-1111-1111-111111111104', 'Royal Blue', 'Blue', 65.8, 112, 71, 4040),
  ('22222222-4444-1111-1111-111111111105', '11111111-1111-1111-1111-111111111104', 'Orange', 'Orange', 68.1, 112, 71, 4985);

-- Old Macdonald Holes (Black Tees)
INSERT INTO holes (tee_set_id, hole_number, par, handicap, yards) VALUES
  ('22222222-4444-1111-1111-111111111101', 1, 4, 11, 341),
  ('22222222-4444-1111-1111-111111111101', 2, 3, 15, 181),
  ('22222222-4444-1111-1111-111111111101', 3, 4, 9, 375),
  ('22222222-4444-1111-1111-111111111101', 4, 4, 1, 504),
  ('22222222-4444-1111-1111-111111111101', 5, 3, 17, 160),
  ('22222222-4444-1111-1111-111111111101', 6, 5, 3, 555),
  ('22222222-4444-1111-1111-111111111101', 7, 3, 5, 363),
  ('22222222-4444-1111-1111-111111111101', 8, 5, 13, 181),
  ('22222222-4444-1111-1111-111111111101', 9, 3, 7, 416),
  ('22222222-4444-1111-1111-111111111101', 10, 4, 6, 465),
  ('22222222-4444-1111-1111-111111111101', 11, 4, 4, 445),
  ('22222222-4444-1111-1111-111111111101', 12, 4, 8, 237),
  ('22222222-4444-1111-1111-111111111101', 13, 5, 18, 346),
  ('22222222-4444-1111-1111-111111111101', 14, 4, 10, 370),
  ('22222222-4444-1111-1111-111111111101', 15, 3, 14, 535),
  ('22222222-4444-1111-1111-111111111101', 16, 4, 16, 455),
  ('22222222-4444-1111-1111-111111111101', 17, 4, 2, 546),
  ('22222222-4444-1111-1111-111111111101', 18, 5, 12, 469);

-- Old Macdonald Holes (Green Tees)
INSERT INTO holes (tee_set_id, hole_number, par, handicap, yards) VALUES
  ('22222222-4444-1111-1111-111111111102', 1, 4, 11, 304),
  ('22222222-4444-1111-1111-111111111102', 2, 3, 15, 162),
  ('22222222-4444-1111-1111-111111111102', 3, 4, 9, 345),
  ('22222222-4444-1111-1111-111111111102', 4, 4, 1, 472),
  ('22222222-4444-1111-1111-111111111102', 5, 3, 17, 134),
  ('22222222-4444-1111-1111-111111111102', 6, 5, 3, 520),
  ('22222222-4444-1111-1111-111111111102', 7, 3, 5, 345),
  ('22222222-4444-1111-1111-111111111102', 8, 5, 13, 170),
  ('22222222-4444-1111-1111-111111111102', 9, 3, 7, 352),
  ('22222222-4444-1111-1111-111111111102', 10, 4, 6, 400),
  ('22222222-4444-1111-1111-111111111102', 11, 4, 4, 399),
  ('22222222-4444-1111-1111-111111111102', 12, 4, 8, 205),
  ('22222222-4444-1111-1111-111111111102', 13, 5, 18, 319),
  ('22222222-4444-1111-1111-111111111102', 14, 4, 10, 297),
  ('22222222-4444-1111-1111-111111111102', 15, 3, 14, 482),
  ('22222222-4444-1111-1111-111111111102', 16, 4, 16, 433),
  ('22222222-4444-1111-1111-111111111102', 17, 4, 2, 513),
  ('22222222-4444-1111-1111-111111111102', 18, 5, 12, 426);

-- ============================================
-- SHEEP RANCH
-- ============================================

INSERT INTO courses (id, name, city, state, country, source, verified)
VALUES (
  '11111111-1111-1111-1111-111111111105',
  'Sheep Ranch',
  'Bandon',
  'OR',
  'US',
  'verified',
  true
);

-- Sheep Ranch Tee Sets
INSERT INTO tee_sets (id, course_id, name, color, rating, slope, par, yardage) VALUES
  ('22222222-5555-1111-1111-111111111101', '11111111-1111-1111-1111-111111111105', 'Black', 'Black', 71.3, 132, 72, 6636),
  ('22222222-5555-1111-1111-111111111102', '11111111-1111-1111-1111-111111111105', 'Green', 'Green', 69.7, 134, 72, 6245),
  ('22222222-5555-1111-1111-111111111103', '11111111-1111-1111-1111-111111111105', 'Gold', 'Gold', 67.8, 125, 72, 5805),
  ('22222222-5555-1111-1111-111111111104', '11111111-1111-1111-1111-111111111105', 'Royal Blue', 'Blue', 64.2, 113, 72, 3943),
  ('22222222-5555-1111-1111-111111111105', '11111111-1111-1111-1111-111111111105', 'Orange', 'Orange', 69.1, 112, 72, 5144);

-- Sheep Ranch Holes (Black Tees)
INSERT INTO holes (tee_set_id, hole_number, par, handicap, yards) VALUES
  ('22222222-5555-1111-1111-111111111101', 1, 4, 5, 549),
  ('22222222-5555-1111-1111-111111111101', 2, 5, 13, 318),
  ('22222222-5555-1111-1111-111111111101', 3, 3, 17, 120),
  ('22222222-5555-1111-1111-111111111101', 4, 4, 3, 474),
  ('22222222-5555-1111-1111-111111111101', 5, 3, 11, 198),
  ('22222222-5555-1111-1111-111111111101', 6, 4, 1, 460),
  ('22222222-5555-1111-1111-111111111101', 7, 3, 15, 155),
  ('22222222-5555-1111-1111-111111111101', 8, 4, 7, 429),
  ('22222222-5555-1111-1111-111111111101', 9, 4, 9, 399),
  ('22222222-5555-1111-1111-111111111101', 10, 4, 6, 390),
  ('22222222-5555-1111-1111-111111111101', 11, 5, 4, 529),
  ('22222222-5555-1111-1111-111111111101', 12, 4, 2, 440),
  ('22222222-5555-1111-1111-111111111101', 13, 4, 10, 510),
  ('22222222-5555-1111-1111-111111111101', 14, 4, 8, 403),
  ('22222222-5555-1111-1111-111111111101', 15, 3, 14, 321),
  ('22222222-5555-1111-1111-111111111101', 16, 4, 16, 210),
  ('22222222-5555-1111-1111-111111111101', 17, 4, 12, 326),
  ('22222222-5555-1111-1111-111111111101', 18, 5, 18, 464);

-- Sheep Ranch Holes (Green Tees)
INSERT INTO holes (tee_set_id, hole_number, par, handicap, yards) VALUES
  ('22222222-5555-1111-1111-111111111102', 1, 4, 5, 517),
  ('22222222-5555-1111-1111-111111111102', 2, 5, 13, 303),
  ('22222222-5555-1111-1111-111111111102', 3, 3, 17, 113),
  ('22222222-5555-1111-1111-111111111102', 4, 4, 3, 443),
  ('22222222-5555-1111-1111-111111111102', 5, 3, 11, 166),
  ('22222222-5555-1111-1111-111111111102', 6, 4, 1, 431),
  ('22222222-5555-1111-1111-111111111102', 7, 3, 15, 138),
  ('22222222-5555-1111-1111-111111111102', 8, 4, 7, 407),
  ('22222222-5555-1111-1111-111111111102', 9, 4, 9, 386),
  ('22222222-5555-1111-1111-111111111102', 10, 4, 6, 375),
  ('22222222-5555-1111-1111-111111111102', 11, 5, 4, 506),
  ('22222222-5555-1111-1111-111111111102', 12, 4, 2, 414),
  ('22222222-5555-1111-1111-111111111102', 13, 4, 10, 485),
  ('22222222-5555-1111-1111-111111111102', 14, 4, 8, 377),
  ('22222222-5555-1111-1111-111111111102', 15, 3, 14, 303),
  ('22222222-5555-1111-1111-111111111102', 16, 4, 16, 131),
  ('22222222-5555-1111-1111-111111111102', 17, 4, 12, 314),
  ('22222222-5555-1111-1111-111111111102', 18, 5, 18, 436);

-- ============================================
-- BANDON PRESERVE (13-hole Par 3)
-- ============================================

INSERT INTO courses (id, name, city, state, country, source, verified)
VALUES (
  '11111111-1111-1111-1111-111111111106',
  'Bandon Preserve',
  'Bandon',
  'OR',
  'US',
  'verified',
  true
);

-- Bandon Preserve Tee Sets (13 holes, all par 3s = par 39)
INSERT INTO tee_sets (id, course_id, name, color, rating, slope, par, yardage) VALUES
  ('22222222-6666-1111-1111-111111111101', '11111111-1111-1111-1111-111111111106', 'Back', 'Blue', NULL, NULL, 39, 1609),
  ('22222222-6666-1111-1111-111111111102', '11111111-1111-1111-1111-111111111106', 'Front', 'White', NULL, NULL, 39, 1121);

-- Bandon Preserve Holes (Back Tees)
INSERT INTO holes (tee_set_id, hole_number, par, handicap, yards) VALUES
  ('22222222-6666-1111-1111-111111111101', 1, 3, NULL, 134),
  ('22222222-6666-1111-1111-111111111101', 2, 3, NULL, 150),
  ('22222222-6666-1111-1111-111111111101', 3, 3, NULL, 87),
  ('22222222-6666-1111-1111-111111111101', 4, 3, NULL, 118),
  ('22222222-6666-1111-1111-111111111101', 5, 3, NULL, 142),
  ('22222222-6666-1111-1111-111111111101', 6, 3, NULL, 131),
  ('22222222-6666-1111-1111-111111111101', 7, 3, NULL, 147),
  ('22222222-6666-1111-1111-111111111101', 8, 3, NULL, 63),
  ('22222222-6666-1111-1111-111111111101', 9, 3, NULL, 134),
  ('22222222-6666-1111-1111-111111111101', 10, 3, NULL, 120),
  ('22222222-6666-1111-1111-111111111101', 11, 3, NULL, 142),
  ('22222222-6666-1111-1111-111111111101', 12, 3, NULL, 132),
  ('22222222-6666-1111-1111-111111111101', 13, 3, NULL, 109);

-- Bandon Preserve Holes (Front Tees)
INSERT INTO holes (tee_set_id, hole_number, par, handicap, yards) VALUES
  ('22222222-6666-1111-1111-111111111102', 1, 3, NULL, 93),
  ('22222222-6666-1111-1111-111111111102', 2, 3, NULL, 93),
  ('22222222-6666-1111-1111-111111111102', 3, 3, NULL, 65),
  ('22222222-6666-1111-1111-111111111102', 4, 3, NULL, 83),
  ('22222222-6666-1111-1111-111111111102', 5, 3, NULL, 95),
  ('22222222-6666-1111-1111-111111111102', 6, 3, NULL, 77),
  ('22222222-6666-1111-1111-111111111102', 7, 3, NULL, 119),
  ('22222222-6666-1111-1111-111111111102', 8, 3, NULL, 40),
  ('22222222-6666-1111-1111-111111111102', 9, 3, NULL, 88),
  ('22222222-6666-1111-1111-111111111102', 10, 3, NULL, 93),
  ('22222222-6666-1111-1111-111111111102', 11, 3, NULL, 95),
  ('22222222-6666-1111-1111-111111111102', 12, 3, NULL, 108),
  ('22222222-6666-1111-1111-111111111102', 13, 3, NULL, 75);

-- ============================================
-- SHORTY'S (19-hole Par 3)
-- ============================================

INSERT INTO courses (id, name, city, state, country, source, verified)
VALUES (
  '11111111-1111-1111-1111-111111111107',
  'Shorty''s',
  'Bandon',
  'OR',
  'US',
  'verified',
  true
);

-- Shorty's Tee Sets (19 holes, all par 3s = par 57)
INSERT INTO tee_sets (id, course_id, name, color, rating, slope, par, yardage) VALUES
  ('22222222-7777-1111-1111-111111111101', '11111111-1111-1111-1111-111111111107', 'Back', 'Blue', NULL, NULL, 57, 2997),
  ('22222222-7777-1111-1111-111111111102', '11111111-1111-1111-1111-111111111107', 'Middle', 'White', NULL, NULL, 57, 2673),
  ('22222222-7777-1111-1111-111111111103', '11111111-1111-1111-1111-111111111107', 'Front', 'Red', NULL, NULL, 57, 2167);

-- Shorty's Holes (Back Tees)
INSERT INTO holes (tee_set_id, hole_number, par, handicap, yards) VALUES
  ('22222222-7777-1111-1111-111111111101', 1, 3, NULL, 107),
  ('22222222-7777-1111-1111-111111111101', 2, 3, NULL, 124),
  ('22222222-7777-1111-1111-111111111101', 3, 3, NULL, 85),
  ('22222222-7777-1111-1111-111111111101', 4, 3, NULL, 128),
  ('22222222-7777-1111-1111-111111111101', 5, 3, NULL, 117),
  ('22222222-7777-1111-1111-111111111101', 6, 3, NULL, 84),
  ('22222222-7777-1111-1111-111111111101', 7, 3, NULL, 214),
  ('22222222-7777-1111-1111-111111111101', 8, 3, NULL, 308),
  ('22222222-7777-1111-1111-111111111101', 9, 3, NULL, 148),
  ('22222222-7777-1111-1111-111111111101', 10, 3, NULL, 133),
  ('22222222-7777-1111-1111-111111111101', 11, 3, NULL, 152),
  ('22222222-7777-1111-1111-111111111101', 12, 3, NULL, 152),
  ('22222222-7777-1111-1111-111111111101', 13, 3, NULL, 125),
  ('22222222-7777-1111-1111-111111111101', 14, 3, NULL, 80),
  ('22222222-7777-1111-1111-111111111101', 15, 3, NULL, 323),
  ('22222222-7777-1111-1111-111111111101', 16, 3, NULL, 209),
  ('22222222-7777-1111-1111-111111111101', 17, 3, NULL, 149),
  ('22222222-7777-1111-1111-111111111101', 18, 3, NULL, 92),
  ('22222222-7777-1111-1111-111111111101', 19, 3, NULL, 167);

-- Shorty's Holes (Middle Tees)
INSERT INTO holes (tee_set_id, hole_number, par, handicap, yards) VALUES
  ('22222222-7777-1111-1111-111111111102', 1, 3, NULL, 99),
  ('22222222-7777-1111-1111-111111111102', 2, 3, NULL, 101),
  ('22222222-7777-1111-1111-111111111102', 3, 3, NULL, 69),
  ('22222222-7777-1111-1111-111111111102', 4, 3, NULL, 106),
  ('22222222-7777-1111-1111-111111111102', 5, 3, NULL, 76),
  ('22222222-7777-1111-1111-111111111102', 6, 3, NULL, 54),
  ('22222222-7777-1111-1111-111111111102', 7, 3, NULL, 199),
  ('22222222-7777-1111-1111-111111111102', 8, 3, NULL, 296),
  ('22222222-7777-1111-1111-111111111102', 9, 3, NULL, 138),
  ('22222222-7777-1111-1111-111111111102', 10, 3, NULL, 108),
  ('22222222-7777-1111-1111-111111111102', 11, 3, NULL, 131),
  ('22222222-7777-1111-1111-111111111102', 12, 3, NULL, 126),
  ('22222222-7777-1111-1111-111111111102', 13, 3, NULL, 112),
  ('22222222-7777-1111-1111-111111111102', 14, 3, NULL, 58),
  ('22222222-7777-1111-1111-111111111102', 15, 3, NULL, 281),
  ('22222222-7777-1111-1111-111111111102', 16, 3, NULL, 190),
  ('22222222-7777-1111-1111-111111111102', 17, 3, NULL, 140),
  ('22222222-7777-1111-1111-111111111102', 18, 3, NULL, 80),
  ('22222222-7777-1111-1111-111111111102', 19, 3, NULL, 109);

-- Shorty's Holes (Front Tees)
INSERT INTO holes (tee_set_id, hole_number, par, handicap, yards) VALUES
  ('22222222-7777-1111-1111-111111111103', 1, 3, NULL, 80),
  ('22222222-7777-1111-1111-111111111103', 2, 3, NULL, 80),
  ('22222222-7777-1111-1111-111111111103', 3, 3, NULL, 54),
  ('22222222-7777-1111-1111-111111111103', 4, 3, NULL, 85),
  ('22222222-7777-1111-1111-111111111103', 5, 3, NULL, 68),
  ('22222222-7777-1111-1111-111111111103', 6, 3, NULL, 45),
  ('22222222-7777-1111-1111-111111111103', 7, 3, NULL, 179),
  ('22222222-7777-1111-1111-111111111103', 8, 3, NULL, 263),
  ('22222222-7777-1111-1111-111111111103', 9, 3, NULL, 63),
  ('22222222-7777-1111-1111-111111111103', 10, 3, NULL, 56),
  ('22222222-7777-1111-1111-111111111103', 11, 3, NULL, 112),
  ('22222222-7777-1111-1111-111111111103', 12, 3, NULL, 107),
  ('22222222-7777-1111-1111-111111111103', 13, 3, NULL, 91),
  ('22222222-7777-1111-1111-111111111103', 14, 3, NULL, 76),
  ('22222222-7777-1111-1111-111111111103', 15, 3, NULL, 214),
  ('22222222-7777-1111-1111-111111111103', 16, 3, NULL, 152),
  ('22222222-7777-1111-1111-111111111103', 17, 3, NULL, 91),
  ('22222222-7777-1111-1111-111111111103', 18, 3, NULL, 62),
  ('22222222-7777-1111-1111-111111111103', 19, 3, NULL, 89);

-- ============================================
-- THE PUNCHBOWL (18-hole putting course)
-- ============================================

INSERT INTO courses (id, name, city, state, country, source, verified)
VALUES (
  '11111111-1111-1111-1111-111111111108',
  'The Punchbowl',
  'Bandon',
  'OR',
  'US',
  'verified',
  true
);

-- The Punchbowl doesn't have traditional tee sets (it's a putting course)
-- Adding a single "tee" for reference with par 36 (18 holes, par 2 each)
INSERT INTO tee_sets (id, course_id, name, color, rating, slope, par, yardage) VALUES
  ('22222222-8888-1111-1111-111111111101', '11111111-1111-1111-1111-111111111108', 'Standard', NULL, NULL, NULL, 36, NULL);

-- Punchbowl Holes (all par 2 for putting)
INSERT INTO holes (tee_set_id, hole_number, par, handicap, yards) VALUES
  ('22222222-8888-1111-1111-111111111101', 1, 2, NULL, NULL),
  ('22222222-8888-1111-1111-111111111101', 2, 2, NULL, NULL),
  ('22222222-8888-1111-1111-111111111101', 3, 2, NULL, NULL),
  ('22222222-8888-1111-1111-111111111101', 4, 2, NULL, NULL),
  ('22222222-8888-1111-1111-111111111101', 5, 2, NULL, NULL),
  ('22222222-8888-1111-1111-111111111101', 6, 2, NULL, NULL),
  ('22222222-8888-1111-1111-111111111101', 7, 2, NULL, NULL),
  ('22222222-8888-1111-1111-111111111101', 8, 2, NULL, NULL),
  ('22222222-8888-1111-1111-111111111101', 9, 2, NULL, NULL),
  ('22222222-8888-1111-1111-111111111101', 10, 2, NULL, NULL),
  ('22222222-8888-1111-1111-111111111101', 11, 2, NULL, NULL),
  ('22222222-8888-1111-1111-111111111101', 12, 2, NULL, NULL),
  ('22222222-8888-1111-1111-111111111101', 13, 2, NULL, NULL),
  ('22222222-8888-1111-1111-111111111101', 14, 2, NULL, NULL),
  ('22222222-8888-1111-1111-111111111101', 15, 2, NULL, NULL),
  ('22222222-8888-1111-1111-111111111101', 16, 2, NULL, NULL),
  ('22222222-8888-1111-1111-111111111101', 17, 2, NULL, NULL),
  ('22222222-8888-1111-1111-111111111101', 18, 2, NULL, NULL);
